Time,header.seq,header.stamp.secs,header.stamp.nsecs,header.frame_id,status.status,status.service,latitude,longitude,altitude,position_covariance_0,position_covariance_1,position_covariance_2,position_covariance_3,position_covariance_4,position_covariance_5,position_covariance_6,position_covariance_7,position_covariance_8,position_covariance_type
1742306465.101453,1,1742306465,97051079,gps,0,1,-19.869519746666665,-43.96414939500001,818.3939819335938,17.74936748929599,0.0,0.0,0.0,10.304100244903566,0.0,0.0,0.0,108.32646384118652,1
1742306466.1049347,2,1742306466,101214740,gps,0,1,-19.86951774,-43.96414929666666,818.31201171875,17.74936748929599,0.0,0.0,0.0,10.310520779518129,0.0,0.0,0.0,108.36809682312014,1
1742306467.1070876,3,1742306467,104966069,gps,0,1,-19.869517806666668,-43.96414916833334,818.27001953125,17.74936748929599,0.0,0.0,0.0,10.310520779518129,0.0,0.0,0.0,108.40973780389413,1
1742306468.110781,4,1742306468,107022092,gps,0,1,-19.869517801666667,-43.96414907666667,818.2440185546875,17.74936748929599,0.0,0.0,0.0,10.310520779518129,0.0,0.0,0.0,108.4513867835085,1
1742306469.1127965,5,1742306469,110495842,gps,0,1,-19.869517755,-43.96414912333333,818.2169799804688,17.74936748929599,0.0,0.0,0.0,10.310520779518129,0.0,0.0,0.0,108.49306362890638,1
1742306470.1153204,6,1742306470,112693374,gps,0,1,-19.869517728333335,-43.96414907666667,818.1069946289062,53.30460272676851,0.0,0.0,0.0,36.493679663414014,0.0,0.0,0.0,375.9720763305668,1
1742306471.1184459,7,1742306471,115288896,gps,0,1,-19.869517626666667,-43.964148988333335,817.9450073242188,53.30460272676851,0.0,0.0,0.0,36.493679663414014,0.0,0.0,0.0,376.1272010803841,1
1742306472.1216464,8,1742306472,118417071,gps,0,1,-19.869517331666668,-43.964148675,817.8099975585938,55.24949030431367,0.0,0.0,0.0,39.42583855684666,0.0,0.0,0.0,388.5235384444277,1
1742306473.1242008,9,1742306473,121302492,gps,0,1,-19.869517395,-43.96414877833334,817.6589965820312,55.23462638146975,0.0,0.0,0.0,39.42583855684666,0.0,0.0,0.0,388.68123101654055,1
1742306474.1266143,10,1742306474,124090842,gps,0,1,-19.869517496666667,-43.96414870333333,817.5330200195312,55.23462638146975,0.0,0.0,0.0,39.42583855684666,0.0,0.0,0.0,388.8389555840149,1
1742306475.1296394,11,1742306475,126590580,gps,0,1,-19.869517445,-43.964148686666675,817.5040283203125,55.23462638146975,0.0,0.0,0.0,39.42583855684666,0.0,0.0,0.0,388.99671214685077,1
1742306476.1349719,12,1742306476,129486628,gps,0,1,-19.869517335,-43.9641487,817.39599609375,55.23462638146975,0.0,0.0,0.0,39.42583855684666,0.0,0.0,0.0,389.1545007050481,1
1742306477.1394932,13,1742306477,134121305,gps,0,1,-19.86951723,-43.964148773333335,817.3790283203125,55.23462638146975,0.0,0.0,0.0,39.42583855684666,0.0,0.0,0.0,389.3123965263985,1
1742306478.1435163,14,1742306478,139356684,gps,0,1,-19.869517196666667,-43.96414869833334,817.3889770507812,55.23462638146975,0.0,0.0,0.0,39.438402635192915,0.0,0.0,0.0,389.5096984091797,1
1742306479.144948,15,1742306479,142760562,gps,0,1,-19.86951722666667,-43.96414866833334,817.2109985351562,55.23462638146975,0.0,0.0,0.0,39.438402635192915,0.0,0.0,0.0,389.62813365011607,1
1742306480.1496098,16,1742306480,144963886,gps,0,1,-19.869517108333334,-43.96414889,817.0479736328125,55.21976445833593,0.0,0.0,0.0,39.438402635192915,0.0,0.0,0.0,389.7860502050171,1
1742306481.1516078,17,1742306481,148448297,gps,0,1,-19.869516943333334,-43.96414904833333,816.864013671875,55.21976445833593,0.0,0.0,0.0,39.438402635192915,0.0,0.0,0.0,389.9834720589606,1
1742306482.1537602,18,1742306482,151553819,gps,0,1,-19.869516805,-43.96414920166667,816.7570190429688,55.21976445833593,0.0,0.0,0.0,39.438402635192915,0.0,0.0,0.0,390.1019793009036,1
1742306483.1566205,19,1742306483,153733064,gps,0,1,-19.869516755,-43.96414932333334,816.614013671875,55.21976445833593,0.0,0.0,0.0,39.438402635192915,0.0,0.0,0.0,390.25999184188913,1
1742306484.1605325,20,1742306484,156587792,gps,0,1,-19.869516601666664,-43.96414941,816.5479736328125,53.31920466851807,0.0,0.0,0.0,36.52993779837038,0.0,0.0,0.0,378.03027985437075,1
1742306485.163224,21,1742306485,160256853,gps,0,1,-19.869516825,-43.96414916833334,816.4290161132812,53.31920466851807,0.0,0.0,0.0,36.52993779837038,0.0,0.0,0.0,378.18582858468653,1
1742306486.1667218,22,1742306486,162908395,gps,0,1,-19.869516976666667,-43.96414898,816.2949829101562,53.31920466851807,0.0,0.0,0.0,36.542025922393805,0.0,0.0,0.0,378.3025296783453,1
1742306487.1697793,23,1742306487,166525356,gps,-1,1,-19.869516978333333,-43.96414881833333,0.0,0.0,0.0,0.0,0.0,0.0,0.0,0.0,0.0,0.0,1
1742306488.173487,24,1742306488,169639359,gps,-1,1,-19.86951721166667,-43.96414848833333,0.0,0.0,0.0,0.0,0.0,0.0,0.0,0.0,0.0,0.0,1
1742306489.1765912,25,1742306489,173090602,gps,0,1,-19.869517565000002,-43.964148146666666,816.0780029296875,53.31920466851807,0.0,0.0,0.0,36.542025922393805,0.0,0.0,0.0,378.73053822317524,1
1742306490.1801155,26,1742306490,176574529,gps,0,1,-19.86951803,-43.964147778333334,816.0029907226562,53.31920466851807,0.0,0.0,0.0,36.55411604612732,0.0,0.0,0.0,378.84732332373096,1
1742306491.1815898,27,1742306491,179865962,gps,0,1,-19.869518613333334,-43.96414715666666,815.916015625,53.31920466851807,0.0,0.0,0.0,36.55411604612732,0.0,0.0,0.0,379.00304004113787,1
1742306492.1865673,28,1742306492,181555335,gps,0,1,-19.869520401666666,-43.96414559666667,815.8070068359375,53.31920466851807,0.0,0.0,0.0,36.55411604612732,0.0,0.0,0.0,379.15878875390626,1
1742306493.1908703,29,1742306493,186599174,gps,0,1,-19.869521953333333,-43.96414417833333,815.718017578125,53.31920466851807,0.0,0.0,0.0,36.55411604612732,0.0,0.0,0.0,379.275639858246,1
1742306494.194627,30,1742306494,190644419,gps,0,1,-19.86952364833333,-43.964142771666666,815.56298828125,53.33380860997772,0.0,0.0,0.0,36.55411604612732,0.0,0.0,0.0,379.43144456671143,1
1742306495.1969206,31,1742306495,193716352,gps,0,1,-19.869525308333333,-43.96414135666667,815.4010009765625,53.33380860997772,0.0,0.0,0.0,36.56620816957093,0.0,0.0,0.0,379.54833767449963,1
1742306496.20066,32,1742306496,196751600,gps,0,1,-19.869526604999997,-43.964139986666666,815.3200073242188,21.626221664340846,0.0,0.0,0.0,23.510863208284945,0.0,0.0,0.0,138.50467075128472,1
1742306497.2049687,33,1742306497,200128069,gps,-1,1,-19.869528168333332,-43.96413852166667,0.0,0.0,0.0,0.0,0.0,0.0,0.0,0.0,0.0,0.0,1
1742306498.2079709,34,1742306498,204354739,gps,0,1,-19.86952825166667,-43.96413866166666,815.083984375,53.72889888153077,0.0,0.0,0.0,36.699365063034065,0.0,0.0,0.0,367.68059574127255,1
1742306499.210091,35,1742306499,206984653,gps,0,1,-19.869529286666666,-43.964139575000004,814.968017578125,53.71424094408417,0.0,0.0,0.0,36.699365063034065,0.0,0.0,0.0,367.7956646862185,1
1742306500.2127156,36,1742306500,209675252,gps,-1,1,-19.86953055,-43.964141396666676,0.0,0.0,0.0,0.0,0.0,0.0,0.0,0.0,0.0,0.0,1
1742306501.2150507,37,1742306501,212450308,gps,0,1,-19.869532875,-43.96414410333333,814.8079833984375,32.890226531410235,0.0,0.0,0.0,33.64000221252445,0.0,0.0,0.0,198.6408321289673,1
1742306502.2175999,38,1742306502,214984100,gps,0,1,-19.86953493,-43.96414652833334,814.6229858398438,53.71424094408417,0.0,0.0,0.0,36.711481184906006,0.0,0.0,0.0,368.14097953973396,1
1742306503.2199054,39,1742306503,217444437,gps,0,1,-19.869536905,-43.96414896833333,814.4810180664062,51.43758301507569,0.0,0.0,0.0,34.40995805868533,0.0,0.0,0.0,359.3678767690435,1
1742306504.2222693,40,1742306504,219742897,gps,0,1,-19.869538716666668,-43.964151390000005,814.3489990234375,19.83455233479981,0.0,0.0,0.0,20.163690700565212,0.0,0.0,0.0,119.89374497183599,1
1742306505.224442,41,1742306505,222267411,gps,0,1,-19.869540995,-43.96415368333334,814.260986328125,51.43758301507569,0.0,0.0,0.0,34.42169020856477,0.0,0.0,0.0,359.5574399492798,1
1742306506.226469,42,1742306506,224363237,gps,0,1,-19.869543036666666,-43.96415621333334,814.1380004882812,51.43758301507569,0.0,0.0,0.0,34.42169020856477,0.0,0.0,0.0,359.6712307876587,1
1742306507.2295294,43,1742306507,226256084,gps,-1,1,-19.86954507,-43.96415849666667,0.0,0.0,0.0,0.0,0.0,0.0,0.0,0.0,0.0,0.0,1
1742306508.231727,44,1742306508,228952179,gps,-1,1,-19.869547824999998,-43.96416167166667,0.0,0.0,0.0,0.0,0.0,0.0,0.0,0.0,0.0,0.0,1
1742306509.2342029,45,1742306509,231554998,gps,0,1,-19.869549905,-43.96416417166667,813.7739868164062,53.68493106832125,0.0,0.0,0.0,36.72359930648804,0.0,0.0,0.0,368.98566693090834,1
1742306510.2372124,46,1742306510,234167981,gps,0,1,-19.869552091666666,-43.96416713333333,813.60302734375,53.68493106832125,0.0,0.0,0.0,36.72359930648804,0.0,0.0,0.0,369.10093989587403,1
1742306511.241037,47,1742306511,237184943,gps,0,1,-19.869553829999997,-43.96416986999999,813.4639892578125,53.68493106832125,0.0,0.0,0.0,36.73571942778017,0.0,0.0,0.0,369.21623086395266,1
1742306512.2438684,48,1742306512,240704141,gps,-1,1,-19.869555895,-43.96417280166667,0.0,0.0,0.0,0.0,0.0,0.0,0.0,0.0,0.0,0.0,1
1742306513.2550452,49,1742306513,243721449,gps,-1,1,-19.869558475,-43.96417640666667,0.0,0.0,0.0,0.0,0.0,0.0,0.0,0.0,0.0,0.0,1
1742306514.2572374,50,1742306514,254584171,gps,0,1,-19.869560628333332,-43.964179173333335,813.1119995117188,51.43758301507569,0.0,0.0,0.0,34.456898656463636,0.0,0.0,0.0,360.54417702966384,1
1742306515.2630463,51,1742306515,257260226,gps,0,1,-19.869562688333335,-43.96418198166666,812.9970092773438,51.43758301507569,0.0,0.0,0.0,34.456898656463636,0.0,0.0,0.0,360.65805144247497,1
1742306516.2671778,52,1742306516,262964940,gps,0,1,-19.86956504,-43.96418469833334,812.9000244140625,51.43758301507569,0.0,0.0,0.0,34.456898656463636,0.0,0.0,0.0,360.7720162918704,1
1742306517.27007,53,1742306517,267513659,gps,0,1,-19.869567223333334,-43.964187461666675,812.8499755859375,51.43758301507569,0.0,0.0,0.0,34.456898656463636,0.0,0.0,0.0,360.88599914437873,1
1742306518.2730138,54,1742306518,269975344,gps,0,1,-19.869569636666665,-43.96419032000001,812.81201171875,51.43758301507569,0.0,0.0,0.0,34.468638805183446,0.0,0.0,0.0,361.0,1
1742306519.2752774,55,1742306519,272962903,gps,0,1,-19.869571816666667,-43.964193475,812.656005859375,51.43758301507569,0.0,0.0,0.0,34.468638805183446,0.0,0.0,0.0,361.1140188587342,1
1742306520.2775762,56,1742306520,275176903,gps,0,1,-19.869573940000002,-43.96419618333333,812.4920043945312,51.43758301507569,0.0,0.0,0.0,34.468638805183446,0.0,0.0,0.0,361.18999310073923,1
1742306521.2827895,57,1742306521,277441391,gps,0,1,-19.869575945,-43.96419906333334,812.3699951171875,51.43758301507569,0.0,0.0,0.0,34.480386553588914,0.0,0.0,0.0,361.3040419570316,1
1742306522.2853045,58,1742306522,282528312,gps,0,1,-19.869577875,-43.96420188833334,812.22900390625,51.43758301507569,0.0,0.0,0.0,34.480386553588914,0.0,0.0,0.0,361.41810881643687,1
1742306523.2893722,59,1742306523,285288986,gps,0,1,-19.869579815,-43.964205023333335,812.0910034179688,51.43758301507569,0.0,0.0,0.0,34.480386553588914,0.0,0.0,0.0,361.5321936789551,1
1742306524.290691,60,1742306524,288240078,gps,0,1,-19.869581908333334,-43.96420799333334,812.094970703125,51.43758301507569,0.0,0.0,0.0,34.492130702682516,0.0,0.0,0.0,361.6462965445862,1
1742306525.2937012,61,1742306525,290643043,gps,0,1,-19.86958394166667,-43.96421114666667,812.0430297851562,51.43758301507569,0.0,0.0,0.0,34.492130702682516,0.0,0.0,0.0,361.7223267555855,1
1742306526.2957797,62,1742306526,293469912,gps,0,1,-19.869586131666665,-43.96421412333334,812.02001953125,51.43758301507569,0.0,0.0,0.0,34.492130702682516,0.0,0.0,0.0,361.8364596187748,1
1742306527.299101,63,1742306527,295618215,gps,0,1,-19.869588296666667,-43.96421719833334,811.9940185546875,51.43758301507569,0.0,0.0,0.0,34.50387685148621,0.0,0.0,0.0,361.95061048507705,1
1742306528.3017106,64,1742306528,298699369,gps,0,1,-19.869590421666665,-43.964220356666665,811.8679809570312,51.43758301507569,0.0,0.0,0.0,34.50387685148621,0.0,0.0,0.0,362.0647793544922,1
1742306529.3056777,65,1742306529,301750550,gps,0,1,-19.86959228,-43.964223105,811.7769775390625,51.43758301507569,0.0,0.0,0.0,34.50387685148621,0.0,0.0,0.0,362.1789662270203,1
1742306530.309563,66,1742306530,305433573,gps,0,1,-19.869594436666667,-43.96422596000001,811.6690063476562,51.43758301507569,0.0,0.0,0.0,34.515625,0.0,0.0,0.0,362.2931711026613,1
1742306531.312435,67,1742306531,308994419,gps,0,1,-19.869596466666668,-43.96422879833334,811.5960083007812,51.43758301507569,0.0,0.0,0.0,34.515625,0.0,0.0,0.0,362.4073939814152,1
1742306532.3183496,68,1742306532,312183023,gps,0,1,-19.869598571666664,-43.964231768333335,811.4559936523438,51.43758301507569,0.0,0.0,0.0,34.515625,0.0,0.0,0.0,362.5216348632821,1
1742306533.3216941,69,1742306533,317888822,gps,-1,1,-19.869600908333332,-43.96423527333333,0.0,0.0,0.0,0.0,0.0,0.0,0.0,0.0,0.0,0.0,1
1742306534.3252294,70,1742306534,321354869,gps,0,1,-19.869603076666667,-43.964238208333335,811.1929931640625,51.43758301507569,0.0,0.0,0.0,34.52737514822388,0.0,0.0,0.0,362.7120279060364,1
1742306535.3279753,71,1742306535,324721936,gps,0,1,-19.869604871666663,-43.964240965,811.0440063476562,51.43758301507569,0.0,0.0,0.0,34.52737514822388,0.0,0.0,0.0,362.82631678857433,1
1742306536.3304355,72,1742306536,328106131,gps,0,1,-19.869606898333334,-43.96424391000001,810.93701171875,53.34841455114747,0.0,0.0,0.0,36.675138818420464,0.0,0.0,0.0,385.3368670516975,1
1742306537.3328242,73,1742306537,330350556,gps,0,1,-19.869608715000002,-43.964246851666665,810.9329833984375,53.34841455114747,0.0,0.0,0.0,36.675138818420464,0.0,0.0,0.0,385.4546662322391,1
1742306538.334899,74,1742306538,332806483,gps,0,1,-19.869610796666667,-43.96425015666667,810.8410034179688,60.217603552246146,0.0,0.0,0.0,38.8627585683289,0.0,0.0,0.0,397.9625772569889,1
1742306539.337883,75,1742306539,334830377,gps,0,1,-19.86961268166667,-43.96425298833333,810.7750244140625,60.217603552246146,0.0,0.0,0.0,38.8627585683289,0.0,0.0,0.0,398.1221736828011,1
1742306540.341167,76,1742306540,337806388,gps,0,1,-19.86961471333333,-43.96425579,810.6849975585938,60.71526114648441,0.0,0.0,0.0,49.56159946289063,0.0,0.0,0.0,486.37895368994214,1
1742306541.3437395,77,1742306541,341128590,gps,0,1,-19.869617136666665,-43.964259825,810.6320190429688,55.01188628381351,0.0,0.0,0.0,65.33489196008304,0.0,0.0,0.0,627.7029588168953,1
1742306542.3485107,78,1742306542,343692579,gps,0,1,-19.869619713333336,-43.96426317666666,810.5750122070312,55.02672728250127,0.0,0.0,0.0,65.33489196008304,0.0,0.0,0.0,627.8031237656251,1
1742306543.3509128,79,1742306543,348034363,gps,0,1,-19.869621735,-43.964266144999996,810.4760131835938,53.97841079370119,0.0,0.0,0.0,47.045883825820965,0.0,0.0,0.0,472.19288010559103,1
1742306544.3531375,80,1742306544,350890496,gps,0,1,-19.86962386,-43.96426881833333,810.405029296875,53.97841079370119,0.0,0.0,0.0,47.045883825820965,0.0,0.0,0.0,472.3232803778992,1
1742306545.354603,81,1742306545,353070398,gps,0,1,-19.869626158333332,-43.964271720000006,810.3389892578125,53.97841079370119,0.0,0.0,0.0,47.045883825820965,0.0,0.0,0.0,472.4102515319828,1
1742306546.3568645,82,1742306546,354628585,gps,0,1,-19.869628291666668,-43.964274643333326,810.385009765625,53.97841079370119,0.0,0.0,0.0,47.059601831817645,0.0,0.0,0.0,472.5406818132942,1
1742306547.3581486,83,1742306547,356585229,gps,0,1,-19.869630453333333,-43.96427779333333,810.3060302734375,53.97841079370119,0.0,0.0,0.0,47.059601831817645,0.0,0.0,0.0,472.67104716238464,1
1742306548.3611355,84,1742306548,358142199,gps,0,1,-19.86963250666667,-43.964280775,810.302978515625,53.36302249202731,0.0,0.0,0.0,36.699365063034065,0.0,0.0,0.0,387.0662675943604,1
1742306549.3634808,85,1742306549,360837706,gps,0,1,-19.869634673333334,-43.96428356666667,810.22802734375,60.71526114648441,0.0,0.0,0.0,49.57567944216157,0.0,0.0,0.0,487.4380449215096,1
1742306550.3658593,86,1742306550,363446745,gps,0,1,-19.869636725000003,-43.96428662666667,810.1909790039062,60.71526114648441,0.0,0.0,0.0,49.57567944216157,0.0,0.0,0.0,487.5263966308594,1
1742306551.3697042,87,1742306551,366052373,gps,0,1,-19.86963857,-43.964289601666664,810.1669921875,60.217603552246146,0.0,0.0,0.0,38.9001688572464,0.0,0.0,0.0,399.8000585609443,1
1742306552.3727806,88,1742306552,369651379,gps,0,1,-19.86964040166667,-43.96429231166667,810.1279907226562,53.36302249202731,0.0,0.0,0.0,36.711481184906006,0.0,0.0,0.0,387.61733318505867,1
1742306553.3752081,89,1742306553,372668948,gps,0,1,-19.869642273333334,-43.96429534000001,810.1079711914062,53.36302249202731,0.0,0.0,0.0,36.711481184906006,0.0,0.0,0.0,387.7748417647708,1
1742306554.377073,90,1742306554,375281413,gps,0,1,-19.86964418,-43.964298385,810.1290283203125,53.36302249202731,0.0,0.0,0.0,36.72359930648804,0.0,0.0,0.0,387.89301297912607,1
1742306555.378649,91,1742306555,377022455,gps,0,1,-19.869646106666668,-43.964301211666665,810.0750122070312,53.36302249202731,0.0,0.0,0.0,36.72359930648804,0.0,0.0,0.0,388.05057755453527,1
1742306556.3810823,92,1742306556,378609056,gps,0,1,-19.869647958333335,-43.96430396000001,810.094970703125,53.36302249202731,0.0,0.0,0.0,36.72359930648804,0.0,0.0,0.0,388.168790772339,1
1742306557.3836756,93,1742306557,381061864,gps,0,1,-19.86965007666667,-43.964306619999995,810.0150146484375,53.36302249202731,0.0,0.0,0.0,36.72359930648804,0.0,0.0,0.0,388.3264113434452,1
1742306558.3857155,94,1742306558,384018579,gps,0,1,-19.869652095,-43.96431002333334,810.0609741210938,53.36302249202731,0.0,0.0,0.0,36.73571942778017,0.0,0.0,0.0,388.4446665646974,1
1742306559.3882647,95,1742306559,385686561,gps,0,1,-19.869654008333335,-43.964313398333324,810.0419921875,53.36302249202731,0.0,0.0,0.0,36.73571942778017,0.0,0.0,0.0,388.6023431315007,1
1742306560.3919702,96,1742306560,388059822,gps,0,1,-19.869655806666668,-43.96431582,810.052001953125,53.36302249202731,0.0,0.0,0.0,36.73571942778017,0.0,0.0,0.0,388.72064035620133,1
1742306561.3938992,97,1742306561,391270633,gps,0,1,-19.86965811166667,-43.96431858333334,810.0490112304688,53.36302249202731,0.0,0.0,0.0,36.73571942778017,0.0,0.0,0.0,388.87837291870164,1
1742306562.3968506,98,1742306562,393911056,gps,0,1,-19.869660539999998,-43.964321505,810.0120239257812,53.36302249202731,0.0,0.0,0.0,36.73571942778017,0.0,0.0,0.0,388.99671214685077,1
1742306563.3985217,99,1742306563,396680041,gps,0,1,-19.869662858333335,-43.96432429833333,809.9439697265625,53.36302249202731,0.0,0.0,0.0,36.74784154878239,0.0,0.0,0.0,389.1545007050481,1
1742306564.4007747,100,1742306564,398513243,gps,0,1,-19.869664986666667,-43.964327090000005,809.8350219726562,53.36302249202731,0.0,0.0,0.0,36.74784154878239,0.0,0.0,0.0,389.2728819366457,1
1742306565.4038801,101,1742306565,400720657,gps,0,1,-19.869666810000002,-43.96432971833333,809.635009765625,53.36302249202731,0.0,0.0,0.0,36.74784154878239,0.0,0.0,0.0,389.4307264905401,1
1742306566.406545,102,1742306566,403883938,gps,0,1,-19.869667998333334,-43.96433133000001,809.5,53.36302249202731,0.0,0.0,0.0,36.74784154878239,0.0,0.0,0.0,389.5491497255862,1
1742306567.4085033,103,1742306567,406403330,gps,0,1,-19.869667755000002,-43.96433153500001,809.4000244140625,53.36302249202731,0.0,0.0,0.0,36.75997145162205,0.0,0.0,0.0,389.7070502751776,1
1742306568.4124718,104,1742306568,408435983,gps,0,1,-19.8696674,-43.96433191333334,809.323974609375,51.42324105471039,0.0,0.0,0.0,34.65676998811341,0.0,0.0,0.0,366.4161715941773,1
1742306569.4137998,105,1742306569,411896672,gps,0,1,-19.869666675,-43.96433239166666,809.2219848632812,51.42324105471039,0.0,0.0,0.0,34.65676998811341,0.0,0.0,0.0,366.5310425277712,1
1742306570.4167397,106,1742306570,413948796,gps,0,1,-19.869665463333334,-43.964333085,809.291015625,51.42324105471039,0.0,0.0,0.0,34.65676998811341,0.0,0.0,0.0,366.64593146447805,1
1742306571.4194548,107,1742306571,416638868,gps,0,1,-19.86966422833333,-43.96433425166666,809.2470092773438,51.42324105471039,0.0,0.0,0.0,34.668544134765625,0.0,0.0,0.0,366.7607653490304,1
1742306572.4222717,108,1742306572,419432627,gps,0,1,-19.869661896666667,-43.96433588,809.2420043945312,51.42324105471039,0.0,0.0,0.0,34.668544134765625,0.0,0.0,0.0,366.8374043239746,1
1742306573.4241316,109,1742306573,422115084,gps,0,1,-19.86965972,-43.964338008333335,809.2219848632812,51.42324105471039,0.0,0.0,0.0,34.668544134765625,0.0,0.0,0.0,366.95234126135256,1
1742306574.4269104,110,1742306574,424101000,gps,0,1,-19.869657313333335,-43.96433986666666,809.0700073242188,51.42324105471039,0.0,0.0,0.0,34.68032028112793,0.0,0.0,0.0,367.0672962018434,1
1742306575.4302704,111,1742306575,426943286,gps,0,1,-19.869655835,-43.964340291666666,809.02197265625,51.42324105471039,0.0,0.0,0.0,34.68032028112793,0.0,0.0,0.0,367.1822691454472,1
1742306576.4325213,112,1742306576,429958456,gps,0,1,-19.869654198333333,-43.96433843,809.0339965820312,19.78470359277344,0.0,0.0,0.0,20.30043114,0.0,0.0,0.0,121.05281452350846,1
1742306577.436037,113,1742306577,432217627,gps,0,1,-19.869652371666668,-43.96433547833333,809.0670166015625,19.78470359277344,0.0,0.0,0.0,20.30764193642335,0.0,0.0,0.0,121.07040093858905,1
1742306578.4408839,114,1742306578,435919562,gps,0,1,-19.869650238333335,-43.96433229833333,809.0709838867188,0.0,0.0,0.0,0.0,0.0,0.0,0.0,0.0,0.0,1
1742306579.4452996,115,1742306579,441097312,gps,0,1,-19.869648186666666,-43.964329218333326,809.14697265625,0.0,0.0,0.0,0.0,0.0,0.0,0.0,0.0,0.0,1
1742306580.449616,116,1742306580,445694944,gps,0,1,-19.869646494999998,-43.96432588333334,809.1199951171875,19.77759049328256,0.0,0.0,0.0,20.31484971487066,0.0,0.0,0.0,121.10561958084963,1
1742306581.4542015,117,1742306581,448889312,gps,0,1,-19.86964396833333,-43.964322868333326,809.1420288085938,19.77759049328256,0.0,0.0,0.0,20.31484971487066,0.0,0.0,0.0,121.12323082261719,1
1742306582.4566395,118,1742306582,454064545,gps,0,1,-19.869642156666664,-43.964319859999996,809.1959838867188,19.77759049328256,0.0,0.0,0.0,20.31484971487066,0.0,0.0,0.0,121.14084334480958,1
1742306583.4625678,119,1742306583,456742557,gps,0,1,-19.869640015,-43.96431682833333,809.1840209960938,51.42324105471039,0.0,0.0,0.0,34.70387857298283,0.0,0.0,0.0,367.98751066049226,1
1742306584.4647598,120,1742306584,462759951,gps,0,1,-19.869637739999998,-43.96431414166667,809.1480102539062,51.42324105471039,0.0,0.0,0.0,34.71566633752445,0.0,0.0,0.0,368.14097953973396,1
1742306585.4681838,121,1742306585,464775634,gps,0,1,-19.869635545,-43.96431148833334,809.030029296875,51.42324105471039,0.0,0.0,0.0,34.71566633752445,0.0,0.0,0.0,368.25612049713163,1
1742306586.4720435,122,1742306586,468191108,gps,0,1,-19.869633201666666,-43.96430907666666,808.8259887695312,51.42324105471039,0.0,0.0,0.0,34.71566633752445,0.0,0.0,0.0,368.332842329346,1
1742306587.4791327,123,1742306587,472101471,gps,-1,1,-19.86963056,-43.96430668,0.0,0.0,0.0,0.0,0.0,0.0,0.0,0.0,0.0,0.0,1
1742306588.4831011,124,1742306588,478449280,gps,-1,1,-19.86962734833333,-43.96430377,0.0,0.0,0.0,0.0,0.0,0.0,0.0,0.0,0.0,0.0,1
1742306589.4855132,125,1742306589,481764300,gps,0,1,-19.86962455333333,-43.96430125166667,808.5869750976562,51.40890109405518,0.0,0.0,0.0,34.72745048368074,0.0,0.0,0.0,368.6784092035523,1
1742306590.4885712,126,1742306590,485590547,gps,0,1,-19.86962177166667,-43.96429872333333,808.5640258789062,51.40890109405518,0.0,0.0,0.0,34.73923662954712,0.0,0.0,0.0,368.7551750103157,1
1742306591.4933207,127,1742306591,488166294,gps,0,1,-19.869619165,-43.96429609166667,808.4849853515625,51.40890109405518,0.0,0.0,0.0,34.73923662954712,0.0,0.0,0.0,368.87041196905557,1
1742306592.494946,128,1742306592,492194536,gps,0,1,-19.869616861666668,-43.96429347,808.4420166015625,51.40890109405518,0.0,0.0,0.0,34.73923662954712,0.0,0.0,0.0,368.98566693090834,1
1742306593.499856,129,1742306593,495134807,gps,0,1,-19.869614526666666,-43.964290471666665,808.3839721679688,51.40890109405518,0.0,0.0,0.0,34.7510247751236,0.0,0.0,0.0,369.10093989587403,1
1742306594.5021036,130,1742306594,499787500,gps,0,1,-19.869612304999997,-43.964287665,808.3569946289062,51.40890109405518,0.0,0.0,0.0,34.7510247751236,0.0,0.0,0.0,369.1778229727788,1
1742306595.5055165,131,1742306595,502044324,gps,0,1,-19.869610043333335,-43.964284924999994,808.218994140625,51.40890109405518,0.0,0.0,0.0,34.7510247751236,0.0,0.0,0.0,369.29305263971037,1
1742306596.5091965,132,1742306596,505421263,gps,0,1,-19.869607808333335,-43.964282386666675,808.1409912109375,51.40890109405518,0.0,0.0,0.0,34.762814920410165,0.0,0.0,0.0,369.40837360534715,1
1742306597.5124118,133,1742306597,509360980,gps,0,1,-19.869605461666666,-43.96427984833334,807.9929809570312,51.40890109405518,0.0,0.0,0.0,34.762814920410165,0.0,0.0,0.0,369.52371257409686,1
1742306598.5143008,134,1742306598,512342166,gps,0,1,-19.869603075,-43.964276903333335,807.9650268554688,51.40890109405518,0.0,0.0,0.0,34.762814920410165,0.0,0.0,0.0,369.60063966751113,1
1742306599.517782,135,1742306599,514266340,gps,0,1,-19.86960078666667,-43.96427424499999,807.9310302734375,51.40890109405518,0.0,0.0,0.0,34.774607065406826,0.0,0.0,0.0,369.7160086452641,1
1742306600.519982,136,1742306600,517269695,gps,0,1,-19.869598556666666,-43.964271428333326,807.9130249023438,53.36302249202731,0.0,0.0,0.0,36.844902083969146,0.0,0.0,0.0,394.26077175146565,1
1742306601.5231698,137,1742306601,519846528,gps,0,1,-19.86959618166667,-43.96426850833333,807.9240112304688,53.36302249202731,0.0,0.0,0.0,36.844902083969146,0.0,0.0,0.0,394.41962424316444,1
1742306602.5258546,138,1742306602,522633237,gps,0,1,-19.869593936666668,-43.96426573,807.8599853515625,53.36302249202731,0.0,0.0,0.0,36.844902083969146,0.0,0.0,0.0,394.53880355172805,1
1742306603.528173,139,1742306603,525403059,gps,0,1,-19.86959178833333,-43.96426300500001,807.8460083007812,0.0,0.0,0.0,0.0,0.0,0.0,0.0,0.0,0.0,1
1742306604.5317202,140,1742306604,528079140,gps,0,1,-19.869589813333334,-43.964260141666664,807.8309936523438,53.36302249202731,0.0,0.0,0.0,36.85704220426942,0.0,0.0,0.0,394.8566525218812,1
1742306605.5356607,141,1742306605,531568975,gps,0,1,-19.869587448333334,-43.964257538333335,807.8109741210938,53.36302249202731,0.0,0.0,0.0,36.85704220426942,0.0,0.0,0.0,394.9758978342288,1
1742306606.5379968,142,1742306606,535313332,gps,0,1,-19.869585235,-43.964254839999995,807.781005859375,53.36302249202731,0.0,0.0,0.0,36.85704220426942,0.0,0.0,0.0,395.1348943126832,1
1742306607.541048,143,1742306607,537713735,gps,0,1,-19.86958320333333,-43.96425214666667,807.7969970703125,53.36302249202731,0.0,0.0,0.0,36.869184324279786,0.0,0.0,0.0,395.2541816284793,1
1742306608.5437267,144,1742306608,540944293,gps,0,1,-19.869580903333333,-43.96424923333334,807.7369995117188,53.36302249202731,0.0,0.0,0.0,36.869184324279786,0.0,0.0,0.0,395.41323410263067,1
1742306609.5454535,145,1742306609,543593007,gps,0,1,-19.869578721666667,-43.964246431666666,807.697021484375,53.36302249202731,0.0,0.0,0.0,36.869184324279786,0.0,0.0,0.0,395.53256342187524,1
1742306610.5479236,146,1742306610,545387860,gps,0,1,-19.86957625,-43.964243651666656,807.5809936523438,53.36302249202731,0.0,0.0,0.0,36.869184324279786,0.0,0.0,0.0,395.6916718917237,1
1742306611.5496354,147,1742306611,547652774,gps,0,1,-19.869573811666665,-43.964241105000006,807.5269775390625,53.36302249202731,0.0,0.0,0.0,36.881328444000246,0.0,0.0,0.0,395.8110432144167,1
1742306612.5514724,148,1742306612,549526415,gps,0,1,-19.869570988333333,-43.964238146666666,807.4600219726562,53.36302249202731,0.0,0.0,0.0,36.881328444000246,0.0,0.0,0.0,395.9702076799622,1
1742306613.5531113,149,1742306613,551436696,gps,0,1,-19.869568391666668,-43.964235465,807.4130249023438,53.36302249202731,0.0,0.0,0.0,36.881328444000246,0.0,0.0,0.0,396.0896210061037,1
1742306614.5548918,150,1742306614,553087928,gps,0,1,-19.869565806666667,-43.964232773333336,807.4650268554688,53.36302249202731,0.0,0.0,0.0,36.881328444000246,0.0,0.0,0.0,396.2488414673462,1
1742306615.5569487,151,1742306615,554850140,gps,0,1,-19.869563323333335,-43.96422976833334,807.4979858398438,53.36302249202731,0.0,0.0,0.0,36.881328444000246,0.0,0.0,0.0,396.3682967969362,1
1742306616.5593982,152,1742306616,556911075,gps,0,1,-19.86956072,-43.96422727666666,807.458984375,53.36302249202731,0.0,0.0,0.0,36.8934745634308,0.0,0.0,0.0,396.52757325387574,1
1742306617.5621245,153,1742306617,559352199,gps,0,1,-19.86955833833333,-43.96422454166667,807.3939819335938,53.36302249202731,0.0,0.0,0.0,36.8934745634308,0.0,0.0,0.0,396.6470705869142,1
1742306618.5644803,154,1742306618,561977673,gps,0,1,-19.86955588333333,-43.96422194833334,807.426025390625,53.36302249202731,0.0,0.0,0.0,36.8934745634308,0.0,0.0,0.0,396.8064030395508,1
1742306619.5665128,155,1742306619,564473587,gps,0,1,-19.869553683333333,-43.96421928833333,807.3809814453125,53.36302249202731,0.0,0.0,0.0,36.8934745634308,0.0,0.0,0.0,396.9259423760377,1
1742306620.5727057,156,1742306620,566317384,gps,0,1,-19.869551451666666,-43.964216955,807.281005859375,53.36302249202731,0.0,0.0,0.0,36.90562268257145,0.0,0.0,0.0,397.08533082437134,1
1742306621.5728776,157,1742306621,570612808,gps,0,1,-19.869549313333334,-43.964214068333334,807.2969970703125,53.36302249202731,0.0,0.0,0.0,36.90562268257145,0.0,0.0,0.0,397.20491216430673,1
1742306622.5763655,158,1742306622,573343638,gps,0,1,-19.86954699833333,-43.96421058666667,807.2570190429688,53.36302249202731,0.0,0.0,0.0,36.90562268257145,0.0,0.0,0.0,397.3643566083374,1
1742306623.5777235,159,1742306623,575663922,gps,0,1,-19.869544906666665,-43.96420773666667,807.2689819335938,53.36302249202731,0.0,0.0,0.0,36.90562268257145,0.0,0.0,0.0,397.48397995172127,1
1742306624.5810332,160,1742306624,577595894,gps,0,1,-19.869543043333334,-43.964205033333336,807.1690063476562,53.36302249202731,0.0,0.0,0.0,36.91777859594731,0.0,0.0,0.0,397.643480391449,1
1742306625.5830302,161,1742306625,580763160,gps,0,1,-19.869540685,-43.964202181666664,807.0780029296875,53.36302249202731,0.0,0.0,0.0,36.91777859594731,0.0,0.0,0.0,397.7631457382813,1
1742306626.585727,162,1742306626,582941777,gps,0,1,-19.869538318333333,-43.96419931833334,807.0339965820312,53.36302249202731,0.0,0.0,0.0,36.91777859594731,0.0,0.0,0.0,397.8828290882266,1
1742306627.5883958,163,1742306627,585568608,gps,0,1,-19.869536158333336,-43.96419663500001,806.968994140625,53.36302249202731,0.0,0.0,0.0,36.91777859594731,0.0,0.0,0.0,398.04240952398686,1
1742306628.5909956,164,1742306628,588076970,gps,0,1,-19.86953392666667,-43.96419385666666,806.9420166015625,53.36302249202731,0.0,0.0,0.0,36.91777859594731,0.0,0.0,0.0,398.1621348773806,1
1742306629.5922527,165,1742306629,590633269,gps,0,1,-19.869531581666667,-43.964191299999996,806.9000244140625,54.84883803411867,0.0,0.0,0.0,39.70260249025728,0.0,0.0,0.0,412.69924669876127,1
1742306630.5940948,166,1742306630,592192067,gps,0,1,-19.869529278333335,-43.96418908833333,806.9310302734375,53.36302249202731,0.0,0.0,0.0,36.92993071546175,0.0,0.0,0.0,398.4415386656801,1
1742306631.5955424,167,1742306631,593918392,gps,0,1,-19.869526790000002,-43.96418641499999,806.9199829101562,53.36302249202731,0.0,0.0,0.0,36.92993071546175,0.0,0.0,0.0,398.6012310928345,1
1742306632.5981793,168,1742306632,595481073,gps,0,1,-19.86952408333333,-43.964183543333334,806.8930053710938,53.36302249202731,0.0,0.0,0.0,36.92993071546175,0.0,0.0,0.0,398.72104045312517,1
1742306633.5995407,169,1742306633,597944289,gps,0,1,-19.869521878333334,-43.964180821666666,806.8569946289062,54.8340281072617,0.0,0.0,0.0,39.70260249025728,0.0,0.0,0.0,413.3088968978882,1
1742306634.6035173,170,1742306634,599547384,gps,0,1,-19.86951957,-43.964178045000004,806.833984375,53.36302249202731,0.0,0.0,0.0,36.942084834686284,0.0,0.0,0.0,399.0006402397157,1
1742306635.6049566,171,1742306635,602977072,gps,0,1,-19.869517243333334,-43.964175475000005,806.833984375,53.36302249202731,0.0,0.0,0.0,36.942084834686284,0.0,0.0,0.0,399.16044465826417,1
1742306636.608044,172,1742306636,604935879,gps,0,1,-19.869514915,-43.96417273666666,806.7780151367188,53.36302249202731,0.0,0.0,0.0,36.942084834686284,0.0,0.0,0.0,399.2803380254518,1
1742306637.6094196,173,1742306637,607309439,gps,0,1,-19.8695125,-43.96417009333333,806.7420043945312,54.819213119110145,0.0,0.0,0.0,39.715204576965334,0.0,0.0,0.0,413.91899706039476,1
1742306638.612008,174,1742306638,609358882,gps,0,1,-19.869510498333334,-43.964166985000006,806.7479858398438,53.36302249202731,0.0,0.0,0.0,36.95424095362091,0.0,0.0,0.0,399.56013381033335,1
1742306639.613728,175,1742306639,611931293,gps,0,1,-19.869508398333334,-43.964164255,806.7219848632812,54.22849369650271,0.0,0.0,0.0,45.90062629222871,0.0,0.0,0.0,422.75475488348457,1
1742306640.6155653,176,1742306640,613664075,gps,0,1,-19.869506001666664,-43.964161534999995,806.72802734375,53.36302249202731,0.0,0.0,0.0,36.95424095362091,0.0,0.0,0.0,399.84002759436044,1
1742306641.617568,177,1742306641,615319895,gps,0,1,-19.869503375,-43.964158911666665,806.7150268554688,54.24322162857061,0.0,0.0,0.0,45.914176310180665,0.0,0.0,0.0,423.0837710434571,1
1742306642.6196806,178,1742306642,617454019,gps,0,1,-19.86950084,-43.96415658666667,806.7249755859375,53.36302249202731,0.0,0.0,0.0,36.96639907226563,0.0,0.0,0.0,400.120019377533,1
1742306643.6220121,179,1742306643,619616912,gps,0,1,-19.869497888333335,-43.96415377833333,806.7620239257812,20.45210087671876,0.0,0.0,0.0,21.977345895629924,0.0,0.0,0.0,132.6182732205816,1
1742306644.623864,180,1742306644,621994611,gps,0,1,-19.869497118333335,-43.96415249166667,806.8159790039062,21.32961945498414,0.0,0.0,0.0,23.720795691806643,0.0,0.0,0.0,142.3917228318751,1
1742306645.6257422,181,1742306645,623837639,gps,0,1,-19.86949739,-43.96415198333334,806.843994140625,21.32961945498414,0.0,0.0,0.0,23.720795691806643,0.0,0.0,0.0,142.4108191207497,1
1742306646.6274595,182,1742306646,625577268,gps,0,1,-19.869497546666665,-43.96415159166666,806.89501953125,20.45210087671876,0.0,0.0,0.0,21.977345895629924,0.0,0.0,0.0,132.69197612776134,1
1742306647.6303828,183,1742306647,627354628,gps,0,1,-19.869497513333332,-43.96415129833334,807.0130004882812,20.45210087671876,0.0,0.0,0.0,21.984848580843618,0.0,0.0,0.0,132.710388574219,1
1742306648.6322904,184,1742306648,629531919,gps,0,1,-19.869497478333336,-43.96415103,807.0869750976562,20.45210087671876,0.0,0.0,0.0,21.984848580843618,0.0,0.0,0.0,132.74728322637748,1
1742306649.6349924,185,1742306649,632016026,gps,0,1,-19.869497415,-43.964151095000005,807.1279907226562,21.322229428842775,0.0,0.0,0.0,23.728590265047615,0.0,0.0,0.0,142.52540097222663,1
1742306650.637026,186,1742306650,634366189,gps,0,1,-19.869497476666666,-43.96415108833333,807.1950073242188,21.322229428842775,0.0,0.0,0.0,23.728590265047615,0.0,0.0,0.0,142.544506222549,1
1742306651.6391783,187,1742306651,636988704,gps,0,1,-19.86949775,-43.964150923333335,807.2509765625,21.31484068312625,0.0,0.0,0.0,23.736386118713426,0.0,0.0,0.0,142.56361275329618,1
1742306652.6415231,188,1742306652,638767694,gps,0,1,-19.86949794666667,-43.964150698333334,807.2589721679688,21.31484068312625,0.0,0.0,0.0,23.736386118713426,0.0,0.0,0.0,142.60180687927004,1
1742306653.647801,189,1742306653,641889700,gps,0,1,-19.869498255,-43.964150411666665,807.281982421875,21.31484068312625,0.0,0.0,0.0,23.736386118713426,0.0,0.0,0.0,142.6209400280868,1
1742306654.6500545,190,1742306654,647318355,gps,0,1,-19.86949855833333,-43.964150133333334,807.3560180664062,21.307457619995148,0.0,0.0,0.0,23.736386118713426,0.0,0.0,0.0,142.6591418320313,1
1742306655.652067,191,1742306655,649750016,gps,0,1,-19.869498775,-43.964149765,807.3560180664062,21.307457619995148,0.0,0.0,0.0,23.736386118713426,0.0,0.0,0.0,142.6782560438014,1
1742306656.6537042,192,1742306656,652007508,gps,0,1,-19.869499086666668,-43.96414949666667,807.35302734375,21.307457619995148,0.0,0.0,0.0,23.744183252804078,0.0,0.0,0.0,142.69737153599635,1
1742306657.6553018,193,1742306657,653557033,gps,0,1,-19.86949931166667,-43.964149418333335,807.35400390625,21.307457619995148,0.0,0.0,0.0,23.744183252804078,0.0,0.0,0.0,142.7355835741846,1
1742306658.65688,194,1742306658,655249461,gps,0,1,-19.869499535,-43.964149264999996,807.3150024414062,20.437633667830823,0.0,0.0,0.0,21.999853319431168,0.0,0.0,0.0,132.98703649346953,1
1742306659.6605816,195,1742306659,656833442,gps,0,1,-19.869499693333335,-43.964148915,807.2379760742188,20.437633667830823,0.0,0.0,0.0,21.999853319431168,0.0,0.0,0.0,133.00549139632858,1
1742306660.6628475,196,1742306660,659867996,gps,0,1,-19.869499955,-43.96414879666666,807.0969848632812,20.437633667830823,0.0,0.0,0.0,22.007355371279345,0.0,0.0,0.0,133.04238304319824,1
1742306661.6692998,197,1742306661,662737640,gps,0,1,-19.869500048333336,-43.96414872833334,807.0,20.437633667830823,0.0,0.0,0.0,22.007355371279345,0.0,0.0,0.0,132.710388574219,1
1742306662.6732156,198,1742306662,668594212,gps,0,1,-19.869500175,-43.96414852166666,806.9459838867188,0.0,0.0,0.0,0.0,0.0,0.0,0.0,0.0,0.0,1
1742306663.6762853,199,1742306663,672852773,gps,0,1,-19.869500426666665,-43.96414824,806.9140014648438,0.0,0.0,0.0,0.0,0.0,0.0,0.0,0.0,0.0,1
1742306664.678564,200,1742306664,675768544,gps,0,1,-19.869500565,-43.96414819833333,806.9349975585938,20.430399827575684,0.0,0.0,0.0,22.007355371279345,0.0,0.0,0.0,133.13468956048382,1
1742306665.6814935,201,1742306665,678472354,gps,0,1,-19.869500796666667,-43.96414807333334,806.89697265625,20.430399827575684,0.0,0.0,0.0,22.014863176666267,0.0,0.0,0.0,133.15313269593753,1
1742306666.6838205,202,1742306666,681191492,gps,0,1,-19.869501005,-43.964147888333336,806.9219970703125,20.430399827575684,0.0,0.0,0.0,22.014863176666267,0.0,0.0,0.0,133.17159911956787,1
1742306667.686889,203,1742306667,683731467,gps,0,1,-19.869501529999997,-43.96414795333333,806.906982421875,20.430399827575684,0.0,0.0,0.0,22.014863176666267,0.0,0.0,0.0,133.20853580810308,1
1742306668.6891751,204,1742306668,686878049,gps,0,1,-19.869501935000002,-43.964147815,806.9199829101562,20.423171577590438,0.0,0.0,0.0,22.014863176666267,0.0,0.0,0.0,133.22700607300794,1
1742306669.6919286,205,1742306669,689299453,gps,0,1,-19.869502115,-43.96414775,806.8920288085938,20.423171577590438,0.0,0.0,0.0,22.02237226247803,0.0,0.0,0.0,133.24547761833765,1
1742306670.6942842,206,1742306670,691925407,gps,0,1,-19.869502281666666,-43.964147836666676,806.8770141601562,20.423171577590438,0.0,0.0,0.0,22.02237226247803,0.0,0.0,0.0,133.28240253031254,1
1742306671.6983767,207,1742306671,694554025,gps,0,1,-19.869502488333335,-43.96414774833333,806.8820190429688,20.423171577590438,0.0,0.0,0.0,22.02237226247803,0.0,0.0,0.0,133.30087791539063,1
1742306672.7018743,208,1742306672,698381724,gps,0,1,-19.869502701666665,-43.964147565,806.8900146484375,20.423171577590438,0.0,0.0,0.0,22.02237226247803,0.0,0.0,0.0,133.31935458089356,1
1742306673.7044222,209,1742306673,701848281,gps,0,1,-19.869502903333334,-43.96414732333333,806.89599609375,20.423171577590438,0.0,0.0,0.0,22.02237226247803,0.0,0.0,0.0,133.35631175317394,1
